{"#students-100-people": [49.184770057399994, 54.12441670105555, 59.06406334471111, 64.00370998836667, 68.94335663202222, 73.88300327567777, 78.82264991933332, 83.76229656298887, 88.70194320664442, 93.64158985029997], "#schools-100-people": [0.08963139449999999, 0.19854093351111113, 0.30745047252222224, 0.41636001153333335, 0.5252695505444445, 0.6341790895555556, 0.7430886285666667, 0.8519981675777778, 0.9609077065888889, 1.0698172456000001], "#teachers-100-people": [0.6648880107999999, 1.2022646714555554, 1.7396413321111108, 2.277017992766666, 2.8143946534222213, 3.3517713140777765, 3.8891479747333317, 4.426524635388887, 4.963901296044442, 5.501277956699997]}